x,y
0,0.0003403675970047651
0,0.0006807351940095302
0,0.0010211027910142954
0,0.0013614703880190605
0,0.0017018379850238256
0,0.0020422055820285907
0,0.002382573179033356
0,0.002722940776038121
0,0.0030633083730428863
0,0.0034036759700476512
0,0.0037440435670524166
0,0.0040844111640571815
0,0.004424778761061947
0,0.004765146358066712
0,0.0051055139550714775
0,0.005445881552076242
0,0.005786249149081007
0,0.006126616746085773
0,0.006466984343090538
0,0.0068073519400953025
0,0.007147719537100068
0,0.007488087134104833
0,0.007828454731109599
0,0.008168822328114363
0,0.00850918992511913
1,0.008849557522123894
1,0.009189925119128658
1,0.009530292716133424
1,0.009870660313138189
1,0.010211027910142955
1,0.01055139550714772
1,0.010891763104152484
1,0.01123213070115725
1,0.011572498298162015
2,0.011912865895166781
2,0.012253233492171545
2,0.01259360108917631
2,0.012933968686181076
2,0.01327433628318584
2,0.013614703880190605
2,0.013955071477195371
2,0.014295439074200136
2,0.014635806671204902
2,0.014976174268209666
2,0.01531654186521443
2,0.015656909462219197
2,0.015997277059223963
2,0.016337644656228726
2,0.016678012253233492
2,0.01701837985023826
2,0.01735874744724302
2,0.017699115044247787
2,0.018039482641252554
2,0.018379850238257316
2,0.018720217835262083
2,0.01906058543226685
2,0.019400953029271615
2,0.019741320626276378
2,0.020081688223281144
2,0.02042205582028591
2,0.020762423417290673
2,0.02110279101429544
2,0.021443158611300205
2,0.021783526208304968
2,0.022123893805309734
2,0.0224642614023145
2,0.022804628999319263
2,0.02314499659632403
2,0.023485364193328796
2,0.023825731790333562
2,0.024166099387338325
2,0.02450646698434309
2,0.024846834581347857
3,0.02518720217835262
3,0.025527569775357386
3,0.025867937372362152
3,0.026208304969366915
3,0.02654867256637168
3,0.026889040163376447
3,0.02722940776038121
3,0.027569775357385976
3,0.027910142954390742
3,0.02825051055139551
3,0.02859087814840027
3,0.028931245745405038
3,0.029271613342409804
3,0.029611980939414567
3,0.029952348536419333
3,0.0302927161334241
3,0.03063308373042886
3,0.030973451327433628
3,0.031313818924438394
3,0.03165418652144316
3,0.031994554118447927
3,0.032334921715452686
3,0.03267528931245745
3,0.03301565690946222
3,0.033356024506466984
3,0.03369639210347175
3,0.03403675970047652
3,0.03437712729748128
3,0.03471749489448604
3,0.03505786249149081
3,0.035398230088495575
3,0.03573859768550034
3,0.03607896528250511
3,0.03641933287950987
3,0.03675970047651463
3,0.0371000680735194
3,0.037440435670524165
3,0.03778080326752893
3,0.0381211708645337
3,0.038461538461538464
3,0.03880190605854323
3,0.03914227365554799
3,0.039482641252552755
3,0.03982300884955752
3,0.04016337644656229
3,0.040503744043567054
3,0.04084411164057182
3,0.04118447923757658
3,0.041524846834581346
3,0.04186521443158611
3,0.04220558202859088
3,0.042545949625595644
3,0.04288631722260041
3,0.04322668481960518
3,0.043567052416609936
3,0.0439074200136147
3,0.04424778761061947
3,0.044588155207624235
3,0.044928522804629
3,0.04526889040163377
3,0.045609257998638526
3,0.04594962559564329
3,0.04628999319264806
3,0.046630360789652825
3,0.04697072838665759
3,0.04731109598366236
3,0.047651463580667124
3,0.04799183117767188
3,0.04833219877467665
3,0.048672566371681415
3,0.04901293396868618
3,0.04935330156569095
3,0.049693669162695714
3,0.05003403675970047
3,0.05037440435670524
3,0.050714771953710006
3,0.05105513955071477
3,0.05139550714771954
3,0.051735874744724304
3,0.05207624234172907
3,0.05241660993873383
3,0.052756977535738596
3,0.05309734513274336
3,0.05343771272974813
3,0.053778080326752895
3,0.05411844792375766
3,0.05445881552076242
3,0.054799183117767186
3,0.05513955071477195
3,0.05547991831177672
3,0.055820285908781485
3,0.05616065350578625
3,0.05650102110279102
3,0.056841388699795777
3,0.05718175629680054
3,0.05752212389380531
3,0.057862491490810075
3,0.05820285908781484
3,0.05854322668481961
3,0.058883594281824374
3,0.05922396187882913
3,0.0595643294758339
3,0.059904697072838665
3,0.06024506466984343
3,0.0605854322668482
3,0.060925799863852964
3,0.06126616746085772
3,0.06160653505786249
3,0.061946902654867256
3,0.06228727025187202
3,0.06262763784887679
3,0.06296800544588155
3,0.06330837304288632
3,0.06364874063989108
3,0.06398910823689585
3,0.06432947583390061
3,0.06466984343090537
3,0.06501021102791014
3,0.0653505786249149
3,0.06569094622191968
3,0.06603131381892444
3,0.06637168141592921
3,0.06671204901293397
3,0.06705241660993873
3,0.0673927842069435
3,0.06773315180394826
3,0.06807351940095303
3,0.06841388699795779
3,0.06875425459496257
3,0.06909462219196733
3,0.06943498978897208
3,0.06977535738597686
3,0.07011572498298162
3,0.07045609257998639
3,0.07079646017699115
3,0.07113682777399591
3,0.07147719537100068
3,0.07181756296800544
3,0.07215793056501021
3,0.07249829816201497
3,0.07283866575901975
3,0.0731790333560245
3,0.07351940095302927
3,0.07385976855003404
3,0.0742001361470388
3,0.07454050374404357
3,0.07488087134104833
3,0.0752212389380531
3,0.07556160653505786
3,0.07590197413206262
3,0.0762423417290674
3,0.07658270932607215
3,0.07692307692307693
3,0.07726344452008169
3,0.07760381211708646
3,0.07794417971409122
3,0.07828454731109598
3,0.07862491490810075
3,0.07896528250510551
3,0.07930565010211028
3,0.07964601769911504
3,0.07998638529611982
3,0.08032675289312458
3,0.08066712049012933
3,0.08100748808713411
3,0.08134785568413887
3,0.08168822328114364
3,0.0820285908781484
3,0.08236895847515316
3,0.08270932607215793
3,0.08304969366916269
3,0.08339006126616746
3,0.08373042886317222
3,0.084070796460177
3,0.08441116405718176
3,0.08475153165418652
3,0.08509189925119129
3,0.08543226684819605
3,0.08577263444520082
3,0.08611300204220558
3,0.08645336963921035
3,0.08679373723621511
3,0.08713410483321987
3,0.08747447243022465
3,0.0878148400272294
3,0.08815520762423418
3,0.08849557522123894
3,0.08883594281824371
3,0.08917631041524847
3,0.08951667801225323
3,0.089857045609258
3,0.09019741320626276
3,0.09053778080326753
3,0.0908781484002723
3,0.09121851599727705
3,0.09155888359428183
3,0.09189925119128659
3,0.09223961878829136
3,0.09257998638529612
3,0.09292035398230089
3,0.09326072157930565
3,0.09360108917631041
3,0.09394145677331518
3,0.09428182437031994
3,0.09462219196732471
3,0.09496255956432947
3,0.09530292716133425
3,0.095643294758339
3,0.09598366235534377
3,0.09632402995234854
3,0.0966643975493533
3,0.09700476514635807
3,0.09734513274336283
3,0.0976855003403676
3,0.09802586793737236
3,0.09836623553437712
3,0.0987066031313819
3,0.09904697072838665
3,0.09938733832539143
3,0.09972770592239619
3,0.10006807351940095
3,0.10040844111640572
3,0.10074880871341048
3,0.10108917631041525
3,0.10142954390742001
3,0.10176991150442478
3,0.10211027910142954
3,0.1024506466984343
3,0.10279101429543908
3,0.10313138189244384
3,0.10347174948944861
3,0.10381211708645337
3,0.10415248468345814
3,0.1044928522804629
3,0.10483321987746766
3,0.10517358747447243
3,0.10551395507147719
3,0.10585432266848196
3,0.10619469026548672
3,0.1065350578624915
3,0.10687542545949626
3,0.10721579305650102
3,0.10755616065350579
3,0.10789652825051055
3,0.10823689584751532
3,0.10857726344452008
3,0.10891763104152484
3,0.10925799863852961
3,0.10959836623553437
3,0.10993873383253915
3,0.1102791014295439
3,0.11061946902654868
3,0.11095983662355344
3,0.1113002042205582
3,0.11164057181756297
3,0.11198093941456773
3,0.1123213070115725
3,0.11266167460857726
3,0.11300204220558203
3,0.1133424098025868
3,0.11368277739959155
3,0.11402314499659633
3,0.11436351259360109
3,0.11470388019060586
3,0.11504424778761062
4,0.11538461538461539
4,0.11572498298162015
4,0.11606535057862491
4,0.11640571817562968
4,0.11674608577263444
4,0.11708645336963922
4,0.11742682096664397
4,0.11776718856364875
4,0.1181075561606535
4,0.11844792375765827
4,0.11878829135466304
4,0.1191286589516678
4,0.11946902654867257
4,0.11980939414567733
4,0.12014976174268209
4,0.12049012933968686
4,0.12083049693669162
4,0.1211708645336964
4,0.12151123213070116
4,0.12185159972770593
4,0.12219196732471069
4,0.12253233492171545
4,0.12287270251872022
4,0.12321307011572498
4,0.12355343771272975
4,0.12389380530973451
4,0.12423417290673928
4,0.12457454050374404
4,0.1249149081007488
4,0.12525527569775358
4,0.12559564329475834
4,0.1259360108917631
4,0.12627637848876788
4,0.12661674608577264
4,0.1269571136827774
4,0.12729748127978216
4,0.12763784887678692
4,0.1279782164737917
4,0.12831858407079647
4,0.12865895166780122
4,0.12899931926480598
4,0.12933968686181074
4,0.12968005445881553
4,0.1300204220558203
4,0.13036078965282505
4,0.1307011572498298
4,0.1310415248468346
4,0.13138189244383935
4,0.1317222600408441
4,0.13206262763784887
4,0.13240299523485363
4,0.13274336283185842
4,0.13308373042886318
4,0.13342409802586794
4,0.1337644656228727
4,0.13410483321987746
4,0.13444520081688224
4,0.134785568413887
4,0.13512593601089176
4,0.13546630360789652
4,0.13580667120490128
4,0.13614703880190607
4,0.13648740639891083
4,0.13682777399591559
4,0.13716814159292035
4,0.13750850918992513
4,0.1378488767869299
4,0.13818924438393465
4,0.1385296119809394
4,0.13886997957794417
4,0.13921034717494896
4,0.13955071477195372
4,0.13989108236895847
4,0.14023144996596323
4,0.140571817562968
4,0.14091218515997278
4,0.14125255275697754
4,0.1415929203539823
4,0.14193328795098706
4,0.14227365554799182
4,0.1426140231449966
4,0.14295439074200136
4,0.14329475833900612
4,0.14363512593601088
4,0.14397549353301567
4,0.14431586113002043
4,0.1446562287270252
4,0.14499659632402995
4,0.1453369639210347
4,0.1456773315180395
4,0.14601769911504425
4,0.146358066712049
4,0.14669843430905377
4,0.14703880190605853
4,0.14737916950306332
4,0.14771953710006808
4,0.14805990469707284
4,0.1484002722940776
4,0.14874063989108238
4,0.14908100748808714
4,0.1494213750850919
4,0.14976174268209666
4,0.15010211027910142
4,0.1504424778761062
4,0.15078284547311097
4,0.15112321307011573
4,0.15146358066712048
4,0.15180394826412524
4,0.15214431586113003
4,0.1524846834581348
4,0.15282505105513955
4,0.1531654186521443
4,0.15350578624914907
4,0.15384615384615385
4,0.15418652144315861
4,0.15452688904016337
4,0.15486725663716813
4,0.15520762423417292
4,0.15554799183117768
4,0.15588835942818244
4,0.1562287270251872
4,0.15656909462219196
4,0.15690946221919674
4,0.1572498298162015
4,0.15759019741320626
4,0.15793056501021102
4,0.15827093260721578
4,0.15861130020422057
4,0.15895166780122533
4,0.1592920353982301
4,0.15963240299523485
4,0.15997277059223963
4,0.1603131381892444
4,0.16065350578624915
4,0.1609938733832539
4,0.16133424098025867
4,0.16167460857726346
4,0.16201497617426822
4,0.16235534377127298
4,0.16269571136827773
4,0.1630360789652825
4,0.16337644656228728
4,0.16371681415929204
4,0.1640571817562968
4,0.16439754935330156
4,0.16473791695030632
4,0.1650782845473111
4,0.16541865214431586
4,0.16575901974132062
4,0.16609938733832538
4,0.16643975493533017
4,0.16678012253233493
4,0.1671204901293397
4,0.16746085772634445
4,0.1678012253233492
4,0.168141592920354
4,0.16848196051735875
4,0.1688223281143635
4,0.16916269571136827
4,0.16950306330837303
4,0.16984343090537782
4,0.17018379850238258
4,0.17052416609938734
4,0.1708645336963921
4,0.17120490129339686
4,0.17154526889040164
4,0.1718856364874064
4,0.17222600408441116
4,0.17256637168141592
4,0.1729067392784207
4,0.17324710687542547
4,0.17358747447243023
4,0.17392784206943498
4,0.17426820966643974
4,0.17460857726344453
4,0.1749489448604493
4,0.17528931245745405
4,0.1756296800544588
4,0.17597004765146357
4,0.17631041524846836
4,0.17665078284547311
4,0.17699115044247787
4,0.17733151803948263
4,0.17767188563648742
4,0.17801225323349218
4,0.17835262083049694
4,0.1786929884275017
4,0.17903335602450646
4,0.17937372362151124
4,0.179714091218516
4,0.18005445881552076
4,0.18039482641252552
4,0.18073519400953028
4,0.18107556160653507
4,0.18141592920353983
4,0.1817562968005446
4,0.18209666439754935
4,0.1824370319945541
4,0.1827773995915589
4,0.18311776718856365
4,0.1834581347855684
4,0.18379850238257317
4,0.18413886997957796
4,0.18447923757658272
4,0.18481960517358748
4,0.18515997277059223
4,0.185500340367597
4,0.18584070796460178
4,0.18618107556160654
4,0.1865214431586113
4,0.18686181075561606
4,0.18720217835262082
4,0.1875425459496256
5,0.18788291354663036
5,0.18822328114363512
5,0.18856364874063988
5,0.18890401633764464
5,0.18924438393464943
5,0.1895847515316542
5,0.18992511912865895
5,0.1902654867256637
5,0.1906058543226685
5,0.19094622191967325
5,0.191286589516678
5,0.19162695711368277
5,0.19196732471068753
5,0.19230769230769232
5,0.19264805990469708
5,0.19298842750170184
5,0.1933287950987066
5,0.19366916269571136
5,0.19400953029271614
5,0.1943498978897209
5,0.19469026548672566
5,0.19503063308373042
5,0.1953710006807352
5,0.19571136827773997
5,0.19605173587474473
5,0.19639210347174949
5,0.19673247106875424
5,0.19707283866575903
5,0.1974132062627638
5,0.19775357385976855
5,0.1980939414567733
5,0.19843430905377807
5,0.19877467665078286
5,0.19911504424778761
5,0.19945541184479237
5,0.19979577944179713
5,0.2001361470388019
5,0.20047651463580668
5,0.20081688223281144
5,0.2011572498298162
5,0.20149761742682096
5,0.20183798502382574
5,0.2021783526208305
5,0.20251872021783526
5,0.20285908781484002
5,0.20319945541184478
5,0.20353982300884957
5,0.20388019060585433
5,0.2042205582028591
5,0.20456092579986385
5,0.2049012933968686
5,0.2052416609938734
5,0.20558202859087815
5,0.2059223961878829
5,0.20626276378488767
5,0.20660313138189246
5,0.20694349897889722
5,0.20728386657590198
5,0.20762423417290674
5,0.2079646017699115
5,0.20830496936691628
5,0.20864533696392104
5,0.2089857045609258
5,0.20932607215793056
5,0.20966643975493532
5,0.2100068073519401
5,0.21034717494894487
5,0.21068754254594962
5,0.21102791014295438
5,0.21136827773995914
5,0.21170864533696393
5,0.2120490129339687
5,0.21238938053097345
5,0.2127297481279782
5,0.213070115724983
5,0.21341048332198775
5,0.2137508509189925
5,0.21409121851599727
5,0.21443158611300203
5,0.21477195371000682
5,0.21511232130701158
5,0.21545268890401634
5,0.2157930565010211
5,0.21613342409802586
5,0.21647379169503064
5,0.2168141592920354
5,0.21715452688904016
5,0.21749489448604492
5,0.21783526208304968
5,0.21817562968005447
5,0.21851599727705923
5,0.21885636487406399
5,0.21919673247106874
5,0.21953710006807353
5,0.2198774676650783
5,0.22021783526208305
5,0.2205582028590878
5,0.22089857045609257
5,0.22123893805309736
5,0.22157930565010212
5,0.22191967324710687
5,0.22226004084411163
5,0.2226004084411164
5,0.22294077603812118
5,0.22328114363512594
5,0.2236215112321307
5,0.22396187882913546
5,0.22430224642614024
5,0.224642614023145
5,0.22498298162014976
5,0.22532334921715452
5,0.22566371681415928
5,0.22600408441116407
5,0.22634445200816883
5,0.2266848196051736
5,0.22702518720217835
5,0.2273655547991831
5,0.2277059223961879
5,0.22804628999319265
5,0.2283866575901974
5,0.22872702518720217
5,0.22906739278420693
5,0.22940776038121172
5,0.22974812797821648
5,0.23008849557522124
5,0.230428863172226
5,0.23076923076923078
5,0.23110959836623554
5,0.2314499659632403
5,0.23179033356024506
5,0.23213070115724982
5,0.2324710687542546
5,0.23281143635125937
5,0.23315180394826412
5,0.23349217154526888
5,0.23383253914227364
5,0.23417290673927843
5,0.2345132743362832
5,0.23485364193328795
5,0.2351940095302927
5,0.2355343771272975
5,0.23587474472430225
5,0.236215112321307
5,0.23655547991831177
5,0.23689584751531653
5,0.23723621511232132
5,0.23757658270932608
5,0.23791695030633084
5,0.2382573179033356
5,0.23859768550034036
5,0.23893805309734514
5,0.2392784206943499
5,0.23961878829135466
5,0.23995915588835942
5,0.24029952348536418
5,0.24063989108236897
5,0.24098025867937373
5,0.24132062627637849
5,0.24166099387338325
5,0.24200136147038803
5,0.2423417290673928
5,0.24268209666439755
5,0.2430224642614023
5,0.24336283185840707
5,0.24370319945541186
5,0.24404356705241662
5,0.24438393464942137
5,0.24472430224642613
5,0.2450646698434309
5,0.24540503744043568
5,0.24574540503744044
5,0.2460857726344452
5,0.24642614023144996
5,0.24676650782845472
5,0.2471068754254595
5,0.24744724302246426
5,0.24778761061946902
5,0.24812797821647378
5,0.24846834581347857
5,0.24880871341048333
5,0.2491490810074881
5,0.24948944860449285
5,0.2498298162014976
5,0.25017018379850237
5,0.25051055139550715
5,0.25085091899251194
5,0.25119128658951667
5,0.25153165418652146
5,0.2518720217835262
5,0.252212389380531
5,0.25255275697753576
5,0.2528931245745405
5,0.2532334921715453
5,0.25357385976855
5,0.2539142273655548
5,0.2542545949625596
5,0.2545949625595643
5,0.2549353301565691
5,0.25527569775357384
5,0.2556160653505786
5,0.2559564329475834
5,0.25629680054458814
5,0.25663716814159293
5,0.25697753573859766
5,0.25731790333560245
5,0.25765827093260724
5,0.25799863852961197
5,0.25833900612661675
5,0.2586793737236215
5,0.2590197413206263
5,0.25936010891763106
5,0.2597004765146358
5,0.2600408441116406
5,0.2603812117086453
5,0.2607215793056501
5,0.2610619469026549
5,0.2614023144996596
5,0.2617426820966644
5,0.2620830496936692
5,0.2624234172906739
5,0.2627637848876787
5,0.26310415248468344
5,0.2634445200816882
5,0.263784887678693
5,0.26412525527569775
5,0.26446562287270253
5,0.26480599046970726
5,0.26514635806671205
5,0.26548672566371684
5,0.26582709326072157
5,0.26616746085772636
5,0.2665078284547311
5,0.2668481960517359
5,0.26718856364874066
5,0.2675289312457454
5,0.2678692988427502
5,0.2682096664397549
5,0.2685500340367597
5,0.2688904016337645
5,0.2692307692307692
6,0.269571136827774
6,0.26991150442477874
6,0.2702518720217835
6,0.2705922396187883
6,0.27093260721579304
6,0.27127297481279783
6,0.27161334240980256
6,0.27195371000680735
6,0.27229407760381213
6,0.27263444520081687
6,0.27297481279782165
6,0.27331518039482644
6,0.27365554799183117
6,0.27399591558883596
6,0.2743362831858407
6,0.2746766507828455
6,0.27501701837985026
6,0.275357385976855
6,0.2756977535738598
6,0.2760381211708645
6,0.2763784887678693
6,0.2767188563648741
6,0.2770592239618788
6,0.2773995915588836
6,0.27773995915588834
6,0.2780803267528931
6,0.2784206943498979
6,0.27876106194690264
6,0.27910142954390743
6,0.27944179714091216
6,0.27978216473791695
6,0.28012253233492174
6,0.28046289993192647
6,0.28080326752893126
6,0.281143635125936
6,0.2814840027229408
6,0.28182437031994556
6,0.2821647379169503
6,0.2825051055139551
6,0.2828454731109598
6,0.2831858407079646
6,0.2835262083049694
6,0.2838665759019741
6,0.2842069434989789
6,0.28454731109598363
6,0.2848876786929884
6,0.2852280462899932
6,0.28556841388699794
6,0.2859087814840027
6,0.2862491490810075
6,0.28658951667801225
6,0.28692988427501703
6,0.28727025187202176
6,0.28761061946902655
6,0.28795098706603134
6,0.28829135466303607
6,0.28863172226004086
6,0.2889720898570456
6,0.2893124574540504
6,0.28965282505105516
6,0.2899931926480599
6,0.2903335602450647
6,0.2906739278420694
6,0.2910142954390742
6,0.291354663036079
6,0.2916950306330837
6,0.2920353982300885
6,0.29237576582709324
6,0.292716133424098
6,0.2930565010211028
6,0.29339686861810754
6,0.29373723621511233
6,0.29407760381211706
6,0.29441797140912185
6,0.29475833900612664
6,0.29509870660313137
6,0.29543907420013615
6,0.2957794417971409
6,0.29611980939414567
6,0.29646017699115046
6,0.2968005445881552
6,0.29714091218516
6,0.29748127978216476
6,0.2978216473791695
6,0.2981620149761743
6,0.298502382573179
6,0.2988427501701838
6,0.2991831177671886
6,0.2995234853641933
6,0.2998638529611981
6,0.30020422055820284
6,0.3005445881552076
6,0.3008849557522124
6,0.30122532334921714
6,0.30156569094622193
6,0.30190605854322666
6,0.30224642614023145
6,0.30258679373723624
6,0.30292716133424097
6,0.30326752893124576
6,0.3036078965282505
6,0.3039482641252553
6,0.30428863172226006
6,0.3046289993192648
6,0.3049693669162696
6,0.3053097345132743
6,0.3056501021102791
6,0.3059904697072839
6,0.3063308373042886
6,0.3066712049012934
6,0.30701157249829814
6,0.3073519400953029
6,0.3076923076923077
6,0.30803267528931244
6,0.30837304288631723
6,0.308713410483322
6,0.30905377808032675
6,0.30939414567733153
6,0.30973451327433627
6,0.31007488087134105
6,0.31041524846834584
6,0.31075561606535057
6,0.31109598366235536
6,0.3114363512593601
6,0.3117767188563649
6,0.31211708645336966
6,0.3124574540503744
6,0.3127978216473792
6,0.3131381892443839
6,0.3134785568413887
6,0.3138189244383935
6,0.3141592920353982
6,0.314499659632403
6,0.31484002722940774
6,0.3151803948264125
6,0.3155207624234173
6,0.31586113002042204
6,0.31620149761742683
6,0.31654186521443156
6,0.31688223281143635
6,0.31722260040844114
6,0.31756296800544587
6,0.31790333560245065
6,0.3182437031994554
6,0.3185840707964602
6,0.31892443839346496
6,0.3192648059904697
6,0.3196051735874745
6,0.31994554118447927
6,0.320285908781484
6,0.3206262763784888
6,0.3209666439754935
6,0.3213070115724983
6,0.3216473791695031
6,0.3219877467665078
6,0.3223281143635126
6,0.32266848196051734
6,0.3230088495575221
6,0.3233492171545269
6,0.32368958475153164
6,0.32402995234853643
6,0.32437031994554116
6,0.32471068754254595
6,0.32505105513955074
6,0.32539142273655547
6,0.32573179033356026
6,0.326072157930565
6,0.3264125255275698
6,0.32675289312457456
6,0.3270932607215793
6,0.3274336283185841
6,0.3277739959155888
6,0.3281143635125936
6,0.3284547311095984
6,0.3287950987066031
6,0.3291354663036079
6,0.32947583390061264
6,0.3298162014976174
6,0.3301565690946222
6,0.33049693669162694
6,0.33083730428863173
6,0.33117767188563646
6,0.33151803948264125
6,0.33185840707964603
6,0.33219877467665077
6,0.33253914227365555
6,0.33287950987066034
6,0.33321987746766507
6,0.33356024506466986
6,0.3339006126616746
6,0.3342409802586794
6,0.33458134785568416
6,0.3349217154526889
6,0.3352620830496937
6,0.3356024506466984
6,0.3359428182437032
6,0.336283185840708
6,0.3366235534377127
6,0.3369639210347175
6,0.33730428863172224
6,0.337644656228727
6,0.3379850238257318
6,0.33832539142273654
6,0.33866575901974133
6,0.33900612661674606
6,0.33934649421375085
6,0.33968686181075564
6,0.34002722940776037
6,0.34036759700476515
6,0.3407079646017699
6,0.3410483321987747
6,0.34138869979577946
6,0.3417290673927842
6,0.342069434989789
6,0.3424098025867937
6,0.3427501701837985
6,0.3430905377808033
6,0.343430905377808
6,0.3437712729748128
6,0.3441116405718176
6,0.3444520081688223
6,0.3447923757658271
6,0.34513274336283184
6,0.3454731109598366
6,0.3458134785568414
6,0.34615384615384615
7,0.34649421375085093
7,0.34683458134785566
7,0.34717494894486045
7,0.34751531654186524
7,0.34785568413886997
7,0.34819605173587476
7,0.3485364193328795
7,0.3488767869298843
7,0.34921715452688906
7,0.3495575221238938
7,0.3498978897208986
7,0.3502382573179033
7,0.3505786249149081
7,0.3509189925119129
7,0.3512593601089176
7,0.3515997277059224
7,0.35194009530292714
7,0.3522804628999319
7,0.3526208304969367
7,0.35296119809394144
7,0.35330156569094623
7,0.35364193328795096
7,0.35398230088495575
7,0.35432266848196053
7,0.35466303607896527
7,0.35500340367597005
7,0.35534377127297484
7,0.35568413886997957
7,0.35602450646698436
7,0.3563648740639891
7,0.3567052416609939
7,0.35704560925799866
7,0.3573859768550034
7,0.3577263444520082
7,0.3580667120490129
7,0.3584070796460177
7,0.3587474472430225
7,0.3590878148400272
7,0.359428182437032
7,0.35976855003403674
7,0.3601089176310415
7,0.3604492852280463
7,0.36078965282505104
7,0.36113002042205583
7,0.36147038801906056
7,0.36181075561606535
7,0.36215112321307014
7,0.36249149081007487
7,0.36283185840707965
7,0.3631722260040844
7,0.3635125936010892
7,0.36385296119809396
7,0.3641933287950987
7,0.3645336963921035
7,0.3648740639891082
7,0.365214431586113
7,0.3655547991831178
7,0.3658951667801225
7,0.3662355343771273
7,0.3665759019741321
7,0.3669162695711368
7,0.3672566371681416
7,0.36759700476514634
7,0.3679373723621511
7,0.3682777399591559
7,0.36861810755616065
7,0.36895847515316543
7,0.36929884275017016
7,0.36963921034717495
7,0.36997957794417974
7,0.37031994554118447
7,0.37066031313818926
7,0.371000680735194
7,0.3713410483321988
7,0.37168141592920356
7,0.3720217835262083
7,0.3723621511232131
7,0.3727025187202178
7,0.3730428863172226
7,0.3733832539142274
7,0.3737236215112321
7,0.3740639891082369
7,0.37440435670524164
7,0.3747447243022464
7,0.3750850918992512
7,0.37542545949625594
7,0.37576582709326073
7,0.37610619469026546
7,0.37644656228727025
7,0.37678692988427503
7,0.37712729748127977
7,0.37746766507828455
7,0.3778080326752893
7,0.37814840027229407
7,0.37848876786929886
7,0.3788291354663036
7,0.3791695030633084
7,0.37950987066031316
7,0.3798502382573179
7,0.3801906058543227
7,0.3805309734513274
7,0.3808713410483322
7,0.381211708645337
7,0.3815520762423417
7,0.3818924438393465
7,0.38223281143635124
7,0.382573179033356
7,0.3829135466303608
7,0.38325391422736554
7,0.38359428182437033
7,0.38393464942137506
7,0.38427501701837985
7,0.38461538461538464
7,0.38495575221238937
7,0.38529611980939416
7,0.3856364874063989
7,0.3859768550034037
7,0.38631722260040846
7,0.3866575901974132
7,0.386997957794418
7,0.3873383253914227
7,0.3876786929884275
7,0.3880190605854323
7,0.388359428182437
7,0.3886997957794418
7,0.38904016337644654
7,0.3893805309734513
7,0.3897208985704561
7,0.39006126616746084
7,0.3904016337644656
7,0.3907420013614704
7,0.39108236895847515
7,0.39142273655547993
7,0.39176310415248466
7,0.39210347174948945
7,0.39244383934649424
7,0.39278420694349897
7,0.39312457454050376
7,0.3934649421375085
7,0.3938053097345133
7,0.39414567733151806
7,0.3944860449285228
7,0.3948264125255276
7,0.3951667801225323
7,0.3955071477195371
7,0.3958475153165419
7,0.3961878829135466
7,0.3965282505105514
7,0.39686861810755614
7,0.3972089857045609
7,0.3975493533015657
7,0.39788972089857044
7,0.39823008849557523
7,0.39857045609257996
7,0.39891082368958475
7,0.39925119128658954
7,0.39959155888359427
7,0.39993192648059905
7,0.4002722940776038
7,0.40061266167460857
7,0.40095302927161336
7,0.4012933968686181
7,0.4016337644656229
7,0.40197413206262766
7,0.4023144996596324
7,0.4026548672566372
7,0.4029952348536419
7,0.4033356024506467
7,0.4036759700476515
7,0.4040163376446562
7,0.404356705241661
7,0.40469707283866574
7,0.4050374404356705
7,0.4053778080326753
7,0.40571817562968004
7,0.40605854322668483
7,0.40639891082368956
7,0.40673927842069435
7,0.40707964601769914
7,0.40742001361470387
7,0.40776038121170866
7,0.4081007488087134
7,0.4084411164057182
7,0.40878148400272296
7,0.4091218515997277
7,0.4094622191967325
7,0.4098025867937372
7,0.410142954390742
7,0.4104833219877468
7,0.4108236895847515
7,0.4111640571817563
7,0.41150442477876104
7,0.4118447923757658
7,0.4121851599727706
7,0.41252552756977534
7,0.41286589516678013
7,0.4132062627637849
7,0.41354663036078965
7,0.41388699795779443
7,0.41422736555479917
7,0.41456773315180395
7,0.41490810074880874
7,0.41524846834581347
7,0.41558883594281826
7,0.415929203539823
7,0.4162695711368278
7,0.41660993873383256
7,0.4169503063308373
7,0.4172906739278421
7,0.4176310415248468
7,0.4179714091218516
7,0.4183117767188564
7,0.4186521443158611
7,0.4189925119128659
7,0.41933287950987064
7,0.4196732471068754
7,0.4200136147038802
7,0.42035398230088494
7,0.42069434989788973
7,0.42103471749489446
7,0.42137508509189925
7,0.42171545268890404
7,0.42205582028590877
7,0.42239618788291355
7,0.4227365554799183
7,0.4230769230769231
7,0.42341729067392786
7,0.4237576582709326
7,0.4240980258679374
7,0.42443839346494217
7,0.4247787610619469
7,0.4251191286589517
7,0.4254594962559564
7,0.4257998638529612
7,0.426140231449966
7,0.4264805990469707
7,0.4268209666439755
7,0.42716133424098024
7,0.427501701837985
7,0.4278420694349898
7,0.42818243703199454
7,0.42852280462899933
7,0.42886317222600406
7,0.42920353982300885
7,0.42954390742001364
7,0.42988427501701837
7,0.43022464261402316
7,0.4305650102110279
7,0.4309053778080327
7,0.43124574540503746
7,0.4315861130020422
7,0.431926480599047
7,0.4322668481960517
7,0.4326072157930565
7,0.4329475833900613
7,0.433287950987066
7,0.4336283185840708
7,0.43396868618107554
7,0.4343090537780803
7,0.4346494213750851
7,0.43498978897208984
7,0.43533015656909463
7,0.43567052416609936
7,0.43601089176310415
7,0.43635125936010893
7,0.43669162695711367
7,0.43703199455411845
7,0.43737236215112324
8,0.43771272974812797
8,0.43805309734513276
8,0.4383934649421375
8,0.4387338325391423
8,0.43907420013614706
8,0.4394145677331518
8,0.4397549353301566
8,0.4400953029271613
8,0.4404356705241661
8,0.4407760381211709
8,0.4411164057181756
8,0.4414567733151804
8,0.44179714091218514
8,0.4421375085091899
8,0.4424778761061947
8,0.44281824370319944
8,0.44315861130020423
8,0.44349897889720896
8,0.44383934649421375
8,0.44417971409121854
8,0.44452008168822327
8,0.44486044928522805
8,0.4452008168822328
8,0.4455411844792376
8,0.44588155207624236
8,0.4462219196732471
8,0.4465622872702519
8,0.4469026548672566
8,0.4472430224642614
8,0.4475833900612662
8,0.4479237576582709
8,0.4482641252552757
8,0.4486044928522805
8,0.4489448604492852
8,0.44928522804629
8,0.44962559564329474
8,0.4499659632402995
8,0.4503063308373043
8,0.45064669843430905
8,0.45098706603131383
8,0.45132743362831856
8,0.45166780122532335
8,0.45200816882232814
8,0.45234853641933287
8,0.45268890401633766
8,0.4530292716133424
8,0.4533696392103472
8,0.45371000680735196
8,0.4540503744043567
8,0.4543907420013615
8,0.4547311095983662
8,0.455071477195371
8,0.4554118447923758
8,0.4557522123893805
8,0.4560925799863853
8,0.45643294758339004
8,0.4567733151803948
8,0.4571136827773996
8,0.45745405037440434
8,0.45779441797140913
8,0.45813478556841386
8,0.45847515316541865
8,0.45881552076242343
8,0.45915588835942817
8,0.45949625595643295
8,0.45983662355343774
8,0.46017699115044247
8,0.46051735874744726
8,0.460857726344452
8,0.4611980939414568
8,0.46153846153846156
8,0.4618788291354663
8,0.4622191967324711
8,0.4625595643294758
8,0.4628999319264806
8,0.4632402995234854
8,0.4635806671204901
8,0.4639210347174949
8,0.46426140231449964
8,0.4646017699115044
8,0.4649421375085092
8,0.46528250510551394
8,0.46562287270251873
8,0.46596324029952346
8,0.46630360789652825
8,0.46664397549353304
8,0.46698434309053777
8,0.46732471068754255
8,0.4676650782845473
8,0.4680054458815521
8,0.46834581347855686
8,0.4686861810755616
8,0.4690265486725664
8,0.4693669162695711
8,0.4697072838665759
8,0.4700476514635807
8,0.4703880190605854
8,0.4707283866575902
8,0.471068754254595
8,0.4714091218515997
8,0.4717494894486045
8,0.47208985704560924
8,0.472430224642614
8,0.4727705922396188
8,0.47311095983662355
8,0.47345132743362833
8,0.47379169503063306
8,0.47413206262763785
8,0.47447243022464264
8,0.47481279782164737
8,0.47515316541865216
8,0.4754935330156569
8,0.4758339006126617
8,0.47617426820966646
8,0.4765146358066712
8,0.476855003403676
8,0.4771953710006807
8,0.4775357385976855
8,0.4778761061946903
8,0.478216473791695
8,0.4785568413886998
8,0.47889720898570454
8,0.4792375765827093
8,0.4795779441797141
8,0.47991831177671884
8,0.48025867937372363
8,0.48059904697072836
8,0.48093941456773315
8,0.48127978216473793
8,0.48162014976174267
8,0.48196051735874745
8,0.4823008849557522
8,0.48264125255275697
8,0.48298162014976176
8,0.4833219877467665
8,0.4836623553437713
8,0.48400272294077606
8,0.4843430905377808
8,0.4846834581347856
8,0.4850238257317903
8,0.4853641933287951
8,0.4857045609257999
8,0.4860449285228046
8,0.4863852961198094
8,0.48672566371681414
8,0.4870660313138189
8,0.4874063989108237
8,0.48774676650782844
8,0.48808713410483323
8,0.48842750170183796
8,0.48876786929884275
8,0.48910823689584754
8,0.48944860449285227
8,0.48978897208985706
8,0.4901293396868618
8,0.4904697072838666
8,0.49081007488087136
8,0.4911504424778761
8,0.4914908100748809
8,0.4918311776718856
8,0.4921715452688904
8,0.4925119128658952
8,0.4928522804628999
8,0.4931926480599047
8,0.49353301565690944
8,0.4938733832539142
8,0.494213750850919
8,0.49455411844792374
8,0.4948944860449285
8,0.4952348536419333
8,0.49557522123893805
8,0.49591558883594283
8,0.49625595643294756
8,0.49659632402995235
8,0.49693669162695714
8,0.49727705922396187
8,0.49761742682096666
8,0.4979577944179714
8,0.4982981620149762
8,0.49863852961198096
8,0.4989788972089857
8,0.4993192648059905
8,0.4996596324029952
8,0.5
8,0.5003403675970047
8,0.5006807351940096
8,0.5010211027910143
8,0.501361470388019
8,0.5017018379850239
8,0.5020422055820286
8,0.5023825731790333
8,0.5027229407760381
8,0.5030633083730429
8,0.5034036759700476
8,0.5037440435670524
8,0.5040844111640572
8,0.504424778761062
8,0.5047651463580667
8,0.5051055139550715
8,0.5054458815520763
8,0.505786249149081
8,0.5061266167460857
8,0.5064669843430906
8,0.5068073519400953
8,0.5071477195371
8,0.5074880871341049
8,0.5078284547311096
8,0.5081688223281143
8,0.5085091899251192
8,0.5088495575221239
8,0.5091899251191286
8,0.5095302927161334
8,0.5098706603131382
8,0.510211027910143
8,0.5105513955071477
8,0.5108917631041525
8,0.5112321307011573
8,0.511572498298162
8,0.5119128658951668
8,0.5122532334921716
8,0.5125936010891763
8,0.5129339686861811
8,0.5132743362831859
8,0.5136147038801906
8,0.5139550714771953
8,0.5142954390742002
8,0.5146358066712049
8,0.5149761742682096
8,0.5153165418652145
8,0.5156569094622192
8,0.5159972770592239
8,0.5163376446562288
8,0.5166780122532335
8,0.5170183798502382
8,0.517358747447243
8,0.5176991150442478
8,0.5180394826412525
8,0.5183798502382573
8,0.5187202178352621
8,0.5190605854322669
8,0.5194009530292716
8,0.5197413206262764
8,0.5200816882232812
8,0.5204220558202859
8,0.5207624234172906
8,0.5211027910142955
8,0.5214431586113002
8,0.5217835262083049
8,0.5221238938053098
8,0.5224642614023145
8,0.5228046289993192
8,0.5231449965963241
8,0.5234853641933288
8,0.5238257317903335
8,0.5241660993873384
8,0.5245064669843431
8,0.5248468345813478
8,0.5251872021783526
8,0.5255275697753574
8,0.5258679373723621
8,0.5262083049693669
8,0.5265486725663717
8,0.5268890401633765
9,0.5272294077603812
9,0.527569775357386
9,0.5279101429543908
9,0.5282505105513955
9,0.5285908781484002
9,0.5289312457454051
9,0.5292716133424098
9,0.5296119809394145
9,0.5299523485364194
9,0.5302927161334241
9,0.5306330837304288
9,0.5309734513274337
9,0.5313138189244384
9,0.5316541865214431
9,0.5319945541184479
9,0.5323349217154527
9,0.5326752893124574
9,0.5330156569094622
9,0.533356024506467
9,0.5336963921034718
9,0.5340367597004765
9,0.5343771272974813
9,0.5347174948944861
9,0.5350578624914908
9,0.5353982300884956
9,0.5357385976855004
9,0.5360789652825051
9,0.5364193328795098
9,0.5367597004765147
9,0.5371000680735194
9,0.5374404356705241
9,0.537780803267529
9,0.5381211708645337
9,0.5384615384615384
9,0.5388019060585433
9,0.539142273655548
9,0.5394826412525527
9,0.5398230088495575
9,0.5401633764465623
9,0.540503744043567
9,0.5408441116405718
9,0.5411844792375766
9,0.5415248468345814
9,0.5418652144315861
9,0.5422055820285909
9,0.5425459496255957
9,0.5428863172226004
9,0.5432266848196051
9,0.54356705241661
9,0.5439074200136147
9,0.5442477876106194
9,0.5445881552076243
9,0.544928522804629
9,0.5452688904016337
9,0.5456092579986386
9,0.5459496255956433
9,0.546289993192648
9,0.5466303607896529
9,0.5469707283866576
9,0.5473110959836623
9,0.5476514635806671
9,0.5479918311776719
9,0.5483321987746766
9,0.5486725663716814
9,0.5490129339686862
9,0.549353301565691
9,0.5496936691626957
9,0.5500340367597005
9,0.5503744043567053
9,0.55071477195371
9,0.5510551395507147
9,0.5513955071477196
9,0.5517358747447243
9,0.552076242341729
9,0.5524166099387339
9,0.5527569775357386
9,0.5530973451327433
9,0.5534377127297482
9,0.5537780803267529
9,0.5541184479237576
9,0.5544588155207624
9,0.5547991831177672
9,0.555139550714772
9,0.5554799183117767
9,0.5558202859087815
9,0.5561606535057863
9,0.556501021102791
9,0.5568413886997958
9,0.5571817562968006
9,0.5575221238938053
9,0.55786249149081
9,0.5582028590878149
9,0.5585432266848196
9,0.5588835942818243
9,0.5592239618788292
9,0.5595643294758339
9,0.5599046970728386
9,0.5602450646698435
9,0.5605854322668482
9,0.5609257998638529
9,0.5612661674608578
9,0.5616065350578625
9,0.5619469026548672
9,0.562287270251872
9,0.5626276378488768
9,0.5629680054458815
9,0.5633083730428863
9,0.5636487406398911
9,0.5639891082368959
9,0.5643294758339006
9,0.5646698434309054
9,0.5650102110279102
9,0.5653505786249149
9,0.5656909462219196
9,0.5660313138189245
9,0.5663716814159292
9,0.5667120490129339
9,0.5670524166099388
9,0.5673927842069435
9,0.5677331518039482
9,0.5680735194009531
9,0.5684138869979578
9,0.5687542545949625
9,0.5690946221919673
9,0.5694349897889721
9,0.5697753573859768
9,0.5701157249829816
9,0.5704560925799864
9,0.5707964601769911
9,0.5711368277739959
9,0.5714771953710007
9,0.5718175629680055
9,0.5721579305650102
9,0.572498298162015
9,0.5728386657590198
9,0.5731790333560245
9,0.5735194009530292
9,0.5738597685500341
9,0.5742001361470388
9,0.5745405037440435
9,0.5748808713410484
9,0.5752212389380531
9,0.5755616065350578
9,0.5759019741320627
9,0.5762423417290674
9,0.5765827093260721
9,0.5769230769230769
9,0.5772634445200817
9,0.5776038121170864
9,0.5779441797140912
9,0.578284547311096
9,0.5786249149081008
9,0.5789652825051055
9,0.5793056501021103
9,0.5796460176991151
9,0.5799863852961198
9,0.5803267528931245
9,0.5806671204901294
9,0.5810074880871341
9,0.5813478556841388
9,0.5816882232811437
9,0.5820285908781484
9,0.5823689584751531
9,0.582709326072158
9,0.5830496936691627
9,0.5833900612661674
9,0.5837304288631723
9,0.584070796460177
9,0.5844111640571817
9,0.5847515316541865
9,0.5850918992511913
9,0.585432266848196
9,0.5857726344452008
9,0.5861130020422056
9,0.5864533696392104
9,0.5867937372362151
9,0.5871341048332199
9,0.5874744724302247
9,0.5878148400272294
9,0.5881552076242341
9,0.588495575221239
9,0.5888359428182437
9,0.5891763104152484
9,0.5895166780122533
9,0.589857045609258
9,0.5901974132062627
9,0.5905377808032676
9,0.5908781484002723
9,0.591218515997277
9,0.5915588835942818
9,0.5918992511912866
9,0.5922396187882913
9,0.5925799863852961
9,0.5929203539823009
9,0.5932607215793056
9,0.5936010891763104
9,0.5939414567733152
9,0.59428182437032
9,0.5946221919673247
9,0.5949625595643295
9,0.5953029271613343
9,0.595643294758339
9,0.5959836623553437
9,0.5963240299523486
9,0.5966643975493533
9,0.597004765146358
9,0.5973451327433629
9,0.5976855003403676
9,0.5980258679373723
9,0.5983662355343772
9,0.5987066031313819
9,0.5990469707283866
9,0.5993873383253914
9,0.5997277059223962
9,0.600068073519401
9,0.6004084411164057
9,0.6007488087134105
9,0.6010891763104153
9,0.60142954390742
9,0.6017699115044248
9,0.6021102791014296
9,0.6024506466984343
9,0.602791014295439
9,0.6031313818924439
9,0.6034717494894486
9,0.6038121170864533
9,0.6041524846834582
9,0.6044928522804629
9,0.6048332198774676
9,0.6051735874744725
9,0.6055139550714772
9,0.6058543226684819
9,0.6061946902654868
9,0.6065350578624915
9,0.6068754254594962
9,0.607215793056501
9,0.6075561606535058
9,0.6078965282505105
9,0.6082368958475153
9,0.6085772634445201
9,0.6089176310415249
9,0.6092579986385296
9,0.6095983662355344
9,0.6099387338325392
9,0.6102791014295439
9,0.6106194690265486
9,0.6109598366235535
9,0.6113002042205582
9,0.6116405718175629
9,0.6119809394145678
9,0.6123213070115725
9,0.6126616746085772
9,0.6130020422055821
9,0.6133424098025868
9,0.6136827773995915
9,0.6140231449965963
10,0.6143635125936011
10,0.6147038801906058
10,0.6150442477876106
10,0.6153846153846154
10,0.6157249829816202
10,0.6160653505786249
10,0.6164057181756297
10,0.6167460857726345
10,0.6170864533696392
10,0.617426820966644
10,0.6177671885636488
10,0.6181075561606535
10,0.6184479237576582
10,0.6187882913546631
10,0.6191286589516678
10,0.6194690265486725
10,0.6198093941456774
10,0.6201497617426821
10,0.6204901293396868
10,0.6208304969366917
10,0.6211708645336964
10,0.6215112321307011
10,0.6218515997277059
10,0.6221919673247107
10,0.6225323349217154
10,0.6228727025187202
10,0.623213070115725
10,0.6235534377127298
10,0.6238938053097345
10,0.6242341729067393
10,0.6245745405037441
10,0.6249149081007488
10,0.6252552756977535
10,0.6255956432947584
10,0.6259360108917631
10,0.6262763784887678
10,0.6266167460857727
10,0.6269571136827774
10,0.6272974812797821
10,0.627637848876787
10,0.6279782164737917
10,0.6283185840707964
10,0.6286589516678013
10,0.628999319264806
10,0.6293396868618107
10,0.6296800544588155
10,0.6300204220558203
10,0.630360789652825
10,0.6307011572498298
10,0.6310415248468346
10,0.6313818924438394
10,0.6317222600408441
10,0.6320626276378489
10,0.6324029952348537
10,0.6327433628318584
10,0.6330837304288631
10,0.633424098025868
10,0.6337644656228727
10,0.6341048332198774
10,0.6344452008168823
10,0.634785568413887
10,0.6351259360108917
10,0.6354663036078966
10,0.6358066712049013
10,0.636147038801906
10,0.6364874063989108
10,0.6368277739959156
10,0.6371681415929203
10,0.6375085091899251
10,0.6378488767869299
10,0.6381892443839347
10,0.6385296119809394
10,0.6388699795779442
10,0.639210347174949
10,0.6395507147719537
10,0.6398910823689585
10,0.6402314499659633
10,0.640571817562968
10,0.6409121851599727
10,0.6412525527569776
10,0.6415929203539823
10,0.641933287950987
10,0.6422736555479919
10,0.6426140231449966
10,0.6429543907420013
10,0.6432947583390062
10,0.6436351259360109
10,0.6439754935330156
10,0.6443158611300204
10,0.6446562287270252
10,0.64499659632403
10,0.6453369639210347
10,0.6456773315180395
10,0.6460176991150443
10,0.646358066712049
10,0.6466984343090538
10,0.6470388019060586
10,0.6473791695030633
10,0.647719537100068
10,0.6480599046970729
10,0.6484002722940776
10,0.6487406398910823
10,0.6490810074880872
10,0.6494213750850919
10,0.6497617426820966
10,0.6501021102791015
10,0.6504424778761062
10,0.6507828454731109
10,0.6511232130701157
10,0.6514635806671205
10,0.6518039482641252
10,0.65214431586113
10,0.6524846834581348
10,0.6528250510551395
10,0.6531654186521443
10,0.6535057862491491
10,0.6538461538461539
10,0.6541865214431586
10,0.6545268890401634
10,0.6548672566371682
10,0.6552076242341729
10,0.6555479918311776
10,0.6558883594281825
10,0.6562287270251872
10,0.6565690946221919
10,0.6569094622191968
10,0.6572498298162015
10,0.6575901974132062
10,0.6579305650102111
10,0.6582709326072158
10,0.6586113002042205
10,0.6589516678012253
10,0.6592920353982301
10,0.6596324029952348
10,0.6599727705922396
10,0.6603131381892444
10,0.6606535057862492
10,0.6609938733832539
10,0.6613342409802587
10,0.6616746085772635
10,0.6620149761742682
10,0.6623553437712729
10,0.6626957113682778
10,0.6630360789652825
10,0.6633764465622872
10,0.6637168141592921
10,0.6640571817562968
10,0.6643975493533015
10,0.6647379169503064
10,0.6650782845473111
10,0.6654186521443158
10,0.6657590197413207
10,0.6660993873383254
10,0.6664397549353301
10,0.6667801225323349
10,0.6671204901293397
10,0.6674608577263444
10,0.6678012253233492
10,0.668141592920354
10,0.6684819605173588
10,0.6688223281143635
10,0.6691626957113683
10,0.6695030633083731
10,0.6698434309053778
10,0.6701837985023825
10,0.6705241660993874
10,0.6708645336963921
10,0.6712049012933968
10,0.6715452688904017
10,0.6718856364874064
10,0.6722260040844111
10,0.672566371681416
10,0.6729067392784207
10,0.6732471068754254
10,0.6735874744724302
10,0.673927842069435
10,0.6742682096664397
10,0.6746085772634445
10,0.6749489448604493
10,0.675289312457454
10,0.6756296800544588
10,0.6759700476514636
10,0.6763104152484684
10,0.6766507828454731
10,0.6769911504424779
10,0.6773315180394827
10,0.6776718856364874
10,0.6780122532334921
10,0.678352620830497
10,0.6786929884275017
10,0.6790333560245064
10,0.6793737236215113
10,0.679714091218516
10,0.6800544588155207
10,0.6803948264125256
10,0.6807351940095303
10,0.681075561606535
10,0.6814159292035398
10,0.6817562968005446
10,0.6820966643975493
10,0.6824370319945541
10,0.6827773995915589
10,0.6831177671885637
10,0.6834581347855684
10,0.6837985023825732
10,0.684138869979578
10,0.6844792375765827
10,0.6848196051735874
10,0.6851599727705923
10,0.685500340367597
10,0.6858407079646017
10,0.6861810755616066
10,0.6865214431586113
10,0.686861810755616
10,0.6872021783526209
10,0.6875425459496256
10,0.6878829135466303
10,0.6882232811436352
10,0.6885636487406399
10,0.6889040163376446
10,0.6892443839346494
11,0.6895847515316542
11,0.689925119128659
11,0.6902654867256637
11,0.6906058543226685
11,0.6909462219196733
11,0.691286589516678
11,0.6916269571136828
11,0.6919673247106876
11,0.6923076923076923
11,0.692648059904697
11,0.6929884275017019
11,0.6933287950987066
11,0.6936691626957113
11,0.6940095302927162
11,0.6943498978897209
11,0.6946902654867256
11,0.6950306330837305
11,0.6953710006807352
11,0.6957113682777399
11,0.6960517358747447
11,0.6963921034717495
11,0.6967324710687542
11,0.697072838665759
11,0.6974132062627638
11,0.6977535738597685
11,0.6980939414567733
11,0.6984343090537781
11,0.6987746766507829
11,0.6991150442477876
11,0.6994554118447924
11,0.6997957794417972
11,0.7001361470388019
11,0.7004765146358066
11,0.7008168822328115
11,0.7011572498298162
11,0.7014976174268209
11,0.7018379850238258
11,0.7021783526208305
11,0.7025187202178352
11,0.7028590878148401
11,0.7031994554118448
11,0.7035398230088495
11,0.7038801906058543
11,0.7042205582028591
11,0.7045609257998638
11,0.7049012933968686
11,0.7052416609938734
11,0.7055820285908782
11,0.7059223961878829
11,0.7062627637848877
11,0.7066031313818925
11,0.7069434989788972
11,0.7072838665759019
11,0.7076242341729068
11,0.7079646017699115
11,0.7083049693669162
11,0.7086453369639211
11,0.7089857045609258
11,0.7093260721579305
11,0.7096664397549354
11,0.7100068073519401
11,0.7103471749489448
11,0.7106875425459497
11,0.7110279101429544
11,0.7113682777399591
11,0.7117086453369639
11,0.7120490129339687
11,0.7123893805309734
11,0.7127297481279782
11,0.713070115724983
11,0.7134104833219878
11,0.7137508509189925
11,0.7140912185159973
11,0.7144315861130021
11,0.7147719537100068
11,0.7151123213070115
11,0.7154526889040164
11,0.7157930565010211
11,0.7161334240980258
11,0.7164737916950307
11,0.7168141592920354
11,0.7171545268890401
11,0.717494894486045
11,0.7178352620830497
11,0.7181756296800544
11,0.7185159972770592
11,0.718856364874064
11,0.7191967324710687
11,0.7195371000680735
11,0.7198774676650783
11,0.720217835262083
11,0.7205582028590878
11,0.7208985704560926
11,0.7212389380530974
11,0.7215793056501021
11,0.7219196732471069
11,0.7222600408441117
11,0.7226004084411164
11,0.7229407760381211
11,0.723281143635126
11,0.7236215112321307
11,0.7239618788291354
11,0.7243022464261403
11,0.724642614023145
11,0.7249829816201497
11,0.7253233492171546
11,0.7256637168141593
11,0.726004084411164
11,0.7263444520081688
11,0.7266848196051736
11,0.7270251872021783
11,0.7273655547991831
11,0.7277059223961879
11,0.7280462899931927
11,0.7283866575901974
11,0.7287270251872022
11,0.729067392784207
11,0.7294077603812117
11,0.7297481279782164
11,0.7300884955752213
11,0.730428863172226
11,0.7307692307692307
11,0.7311095983662356
11,0.7314499659632403
11,0.731790333560245
11,0.7321307011572499
11,0.7324710687542546
11,0.7328114363512593
11,0.7331518039482642
11,0.7334921715452689
11,0.7338325391422736
11,0.7341729067392784
11,0.7345132743362832
11,0.734853641933288
11,0.7351940095302927
11,0.7355343771272975
11,0.7358747447243023
11,0.736215112321307
11,0.7365554799183118
11,0.7368958475153166
11,0.7372362151123213
11,0.737576582709326
11,0.7379169503063309
11,0.7382573179033356
11,0.7385976855003403
11,0.7389380530973452
11,0.7392784206943499
11,0.7396187882913546
11,0.7399591558883595
11,0.7402995234853642
11,0.7406398910823689
11,0.7409802586793737
11,0.7413206262763785
11,0.7416609938733832
11,0.742001361470388
11,0.7423417290673928
11,0.7426820966643976
11,0.7430224642614023
11,0.7433628318584071
11,0.7437031994554119
11,0.7440435670524166
11,0.7443839346494214
11,0.7447243022464262
11,0.7450646698434309
11,0.7454050374404356
11,0.7457454050374405
11,0.7460857726344452
11,0.7464261402314499
11,0.7467665078284548
11,0.7471068754254595
11,0.7474472430224642
11,0.7477876106194691
11,0.7481279782164738
11,0.7484683458134785
11,0.7488087134104833
11,0.7491490810074881
11,0.7494894486044928
11,0.7498298162014976
12,0.7501701837985024
12,0.7505105513955072
12,0.7508509189925119
12,0.7511912865895167
12,0.7515316541865215
12,0.7518720217835262
12,0.7522123893805309
12,0.7525527569775358
12,0.7528931245745405
12,0.7532334921715452
12,0.7535738597685501
12,0.7539142273655548
12,0.7542545949625595
12,0.7545949625595644
12,0.7549353301565691
12,0.7552756977535738
12,0.7556160653505786
12,0.7559564329475834
12,0.7562968005445881
12,0.7566371681415929
12,0.7569775357385977
12,0.7573179033356024
12,0.7576582709326072
12,0.757998638529612
12,0.7583390061266168
12,0.7586793737236215
12,0.7590197413206263
12,0.7593601089176311
12,0.7597004765146358
12,0.7600408441116405
12,0.7603812117086454
12,0.7607215793056501
12,0.7610619469026548
12,0.7614023144996597
12,0.7617426820966644
12,0.7620830496936691
12,0.762423417290674
12,0.7627637848876787
12,0.7631041524846834
12,0.7634445200816882
12,0.763784887678693
12,0.7641252552756977
12,0.7644656228727025
12,0.7648059904697073
12,0.765146358066712
12,0.7654867256637168
12,0.7658270932607216
12,0.7661674608577264
12,0.7665078284547311
12,0.7668481960517358
12,0.7671885636487407
12,0.7675289312457454
12,0.7678692988427501
12,0.768209666439755
12,0.7685500340367597
12,0.7688904016337644
12,0.7692307692307693
12,0.769571136827774
12,0.7699115044247787
12,0.7702518720217836
12,0.7705922396187883
12,0.770932607215793
12,0.7712729748127978
12,0.7716133424098026
12,0.7719537100068073
12,0.7722940776038121
12,0.7726344452008169
12,0.7729748127978217
12,0.7733151803948264
12,0.7736555479918312
12,0.773995915588836
12,0.7743362831858407
12,0.7746766507828454
12,0.7750170183798503
12,0.775357385976855
12,0.7756977535738597
12,0.7760381211708646
12,0.7763784887678693
12,0.776718856364874
12,0.7770592239618789
12,0.7773995915588836
12,0.7777399591558883
12,0.7780803267528931
12,0.7784206943498979
12,0.7787610619469026
12,0.7791014295439074
12,0.7794417971409122
12,0.779782164737917
12,0.7801225323349217
12,0.7804628999319265
12,0.7808032675289313
12,0.781143635125936
12,0.7814840027229408
12,0.7818243703199456
12,0.7821647379169503
12,0.782505105513955
12,0.7828454731109599
12,0.7831858407079646
12,0.7835262083049693
12,0.7838665759019742
12,0.7842069434989789
12,0.7845473110959836
12,0.7848876786929885
12,0.7852280462899932
12,0.7855684138869979
12,0.7859087814840027
12,0.7862491490810075
12,0.7865895166780122
12,0.786929884275017
12,0.7872702518720218
12,0.7876106194690266
12,0.7879509870660313
12,0.7882913546630361
12,0.7886317222600409
12,0.7889720898570456
12,0.7893124574540503
12,0.7896528250510552
12,0.7899931926480599
12,0.7903335602450646
12,0.7906739278420695
12,0.7910142954390742
12,0.7913546630360789
12,0.7916950306330838
12,0.7920353982300885
12,0.7923757658270932
12,0.7927161334240981
12,0.7930565010211028
12,0.7933968686181075
12,0.7937372362151123
12,0.7940776038121171
12,0.7944179714091218
12,0.7947583390061266
12,0.7950987066031314
12,0.7954390742001362
12,0.7957794417971409
12,0.7961198093941457
12,0.7964601769911505
12,0.7968005445881552
12,0.7971409121851599
12,0.7974812797821648
12,0.7978216473791695
12,0.7981620149761742
12,0.7985023825731791
13,0.7988427501701838
13,0.7991831177671885
13,0.7995234853641934
13,0.7998638529611981
13,0.8002042205582028
13,0.8005445881552076
13,0.8008849557522124
13,0.8012253233492171
13,0.8015656909462219
13,0.8019060585432267
13,0.8022464261402315
13,0.8025867937372362
13,0.802927161334241
13,0.8032675289312458
13,0.8036078965282505
13,0.8039482641252553
13,0.8042886317222601
13,0.8046289993192648
13,0.8049693669162695
13,0.8053097345132744
13,0.8056501021102791
13,0.8059904697072838
13,0.8063308373042887
13,0.8066712049012934
13,0.8070115724982981
13,0.807351940095303
13,0.8076923076923077
13,0.8080326752893124
13,0.8083730428863172
13,0.808713410483322
13,0.8090537780803267
13,0.8093941456773315
13,0.8097345132743363
13,0.810074880871341
13,0.8104152484683458
13,0.8107556160653506
13,0.8110959836623554
13,0.8114363512593601
13,0.8117767188563648
13,0.8121170864533697
13,0.8124574540503744
13,0.8127978216473791
13,0.813138189244384
13,0.8134785568413887
13,0.8138189244383934
13,0.8141592920353983
13,0.814499659632403
13,0.8148400272294077
13,0.8151803948264126
13,0.8155207624234173
13,0.815861130020422
13,0.8162014976174268
13,0.8165418652144316
13,0.8168822328114363
13,0.8172226004084411
13,0.8175629680054459
13,0.8179033356024507
13,0.8182437031994554
13,0.8185840707964602
13,0.818924438393465
13,0.8192648059904697
13,0.8196051735874744
13,0.8199455411844793
13,0.820285908781484
13,0.8206262763784887
13,0.8209666439754936
13,0.8213070115724983
13,0.821647379169503
13,0.8219877467665079
13,0.8223281143635126
13,0.8226684819605173
13,0.8230088495575221
13,0.8233492171545269
13,0.8236895847515316
13,0.8240299523485364
13,0.8243703199455412
13,0.824710687542546
13,0.8250510551395507
13,0.8253914227365555
13,0.8257317903335603
13,0.826072157930565
13,0.8264125255275698
13,0.8267528931245746
13,0.8270932607215793
13,0.827433628318584
13,0.8277739959155889
13,0.8281143635125936
13,0.8284547311095983
13,0.8287950987066032
13,0.8291354663036079
13,0.8294758339006126
13,0.8298162014976175
13,0.8301565690946222
13,0.8304969366916269
13,0.8308373042886317
13,0.8311776718856365
13,0.8315180394826412
13,0.831858407079646
13,0.8321987746766508
13,0.8325391422736556
13,0.8328795098706603
13,0.8332198774676651
13,0.8335602450646699
13,0.8339006126616746
13,0.8342409802586793
13,0.8345813478556842
13,0.8349217154526889
13,0.8352620830496936
13,0.8356024506466985
13,0.8359428182437032
13,0.8362831858407079
13,0.8366235534377128
13,0.8369639210347175
13,0.8373042886317222
13,0.8376446562287271
13,0.8379850238257318
13,0.8383253914227365
13,0.8386657590197413
13,0.8390061266167461
13,0.8393464942137508
13,0.8396868618107556
13,0.8400272294077604
13,0.8403675970047652
13,0.8407079646017699
14,0.8410483321987747
14,0.8413886997957795
14,0.8417290673927842
14,0.8420694349897889
14,0.8424098025867938
14,0.8427501701837985
14,0.8430905377808032
14,0.8434309053778081
14,0.8437712729748128
14,0.8441116405718175
14,0.8444520081688224
14,0.8447923757658271
14,0.8451327433628318
14,0.8454731109598366
14,0.8458134785568414
14,0.8461538461538461
14,0.8464942137508509
14,0.8468345813478557
14,0.8471749489448605
14,0.8475153165418652
14,0.84785568413887
14,0.8481960517358748
14,0.8485364193328795
14,0.8488767869298843
14,0.8492171545268891
14,0.8495575221238938
14,0.8498978897208985
14,0.8502382573179034
14,0.8505786249149081
14,0.8509189925119128
14,0.8512593601089177
14,0.8515997277059224
14,0.8519400953029271
14,0.852280462899932
14,0.8526208304969367
14,0.8529611980939414
14,0.8533015656909462
14,0.853641933287951
14,0.8539823008849557
14,0.8543226684819605
14,0.8546630360789653
14,0.85500340367597
14,0.8553437712729748
14,0.8556841388699796
14,0.8560245064669844
14,0.8563648740639891
14,0.8567052416609938
14,0.8570456092579987
14,0.8573859768550034
14,0.8577263444520081
14,0.858066712049013
14,0.8584070796460177
14,0.8587474472430224
14,0.8590878148400273
14,0.859428182437032
14,0.8597685500340367
14,0.8601089176310415
14,0.8604492852280463
14,0.860789652825051
14,0.8611300204220558
14,0.8614703880190606
14,0.8618107556160653
14,0.8621511232130701
14,0.8624914908100749
14,0.8628318584070797
14,0.8631722260040844
14,0.8635125936010892
14,0.863852961198094
14,0.8641933287950987
14,0.8645336963921034
14,0.8648740639891083
14,0.865214431586113
14,0.8655547991831177
14,0.8658951667801226
14,0.8662355343771273
14,0.866575901974132
14,0.8669162695711369
14,0.8672566371681416
14,0.8675970047651463
14,0.8679373723621511
14,0.8682777399591559
14,0.8686181075561606
14,0.8689584751531654
14,0.8692988427501702
14,0.869639210347175
14,0.8699795779441797
14,0.8703199455411845
14,0.8706603131381893
14,0.871000680735194
14,0.8713410483321987
14,0.8716814159292036
15,0.8720217835262083
15,0.872362151123213
15,0.8727025187202179
15,0.8730428863172226
15,0.8733832539142273
15,0.8737236215112322
15,0.8740639891082369
15,0.8744043567052416
15,0.8747447243022465
15,0.8750850918992512
15,0.8754254594962559
15,0.8757658270932607
15,0.8761061946902655
15,0.8764465622872702
15,0.876786929884275
15,0.8771272974812798
15,0.8774676650782846
15,0.8778080326752893
15,0.8781484002722941
15,0.8784887678692989
15,0.8788291354663036
15,0.8791695030633083
15,0.8795098706603132
15,0.8798502382573179
15,0.8801906058543226
15,0.8805309734513275
15,0.8808713410483322
15,0.8812117086453369
15,0.8815520762423418
15,0.8818924438393465
15,0.8822328114363512
15,0.882573179033356
15,0.8829135466303608
15,0.8832539142273655
15,0.8835942818243703
15,0.8839346494213751
15,0.8842750170183798
15,0.8846153846153846
15,0.8849557522123894
15,0.8852961198093942
15,0.8856364874063989
15,0.8859768550034037
15,0.8863172226004085
15,0.8866575901974132
15,0.8869979577944179
15,0.8873383253914228
15,0.8876786929884275
15,0.8880190605854322
15,0.8883594281824371
15,0.8886997957794418
15,0.8890401633764465
15,0.8893805309734514
15,0.8897208985704561
15,0.8900612661674608
15,0.8904016337644656
15,0.8907420013614704
16,0.8910823689584751
16,0.8914227365554799
16,0.8917631041524847
16,0.8921034717494895
16,0.8924438393464942
16,0.892784206943499
16,0.8931245745405038
16,0.8934649421375085
16,0.8938053097345132
16,0.8941456773315181
16,0.8944860449285228
16,0.8948264125255275
16,0.8951667801225324
16,0.8955071477195371
16,0.8958475153165418
16,0.8961878829135467
16,0.8965282505105514
16,0.8968686181075561
16,0.897208985704561
16,0.8975493533015657
16,0.8978897208985704
16,0.8982300884955752
16,0.89857045609258
16,0.8989108236895847
16,0.8992511912865895
16,0.8995915588835943
16,0.899931926480599
16,0.9002722940776038
16,0.9006126616746086
16,0.9009530292716134
16,0.9012933968686181
16,0.9016337644656228
16,0.9019741320626277
16,0.9023144996596324
16,0.9026548672566371
16,0.902995234853642
16,0.9033356024506467
16,0.9036759700476514
16,0.9040163376446563
16,0.904356705241661
16,0.9046970728386657
16,0.9050374404356705
16,0.9053778080326753
16,0.90571817562968
16,0.9060585432266848
17,0.9063989108236896
17,0.9067392784206944
17,0.9070796460176991
17,0.9074200136147039
17,0.9077603812117087
17,0.9081007488087134
17,0.9084411164057182
17,0.908781484002723
17,0.9091218515997277
17,0.9094622191967324
17,0.9098025867937373
17,0.910142954390742
17,0.9104833219877467
17,0.9108236895847516
17,0.9111640571817563
17,0.911504424778761
17,0.9118447923757659
17,0.9121851599727706
17,0.9125255275697753
17,0.9128658951667801
17,0.9132062627637849
17,0.9135466303607896
17,0.9138869979577944
17,0.9142273655547992
17,0.914567733151804
17,0.9149081007488087
17,0.9152484683458135
17,0.9155888359428183
17,0.915929203539823
17,0.9162695711368277
17,0.9166099387338326
18,0.9169503063308373
18,0.917290673927842
18,0.9176310415248469
18,0.9179714091218516
18,0.9183117767188563
18,0.9186521443158612
18,0.9189925119128659
18,0.9193328795098706
18,0.9196732471068755
18,0.9200136147038802
18,0.9203539823008849
18,0.9206943498978897
18,0.9210347174948945
18,0.9213750850918992
18,0.921715452688904
18,0.9220558202859088
18,0.9223961878829136
18,0.9227365554799183
18,0.9230769230769231
18,0.9234172906739279
18,0.9237576582709326
18,0.9240980258679373
18,0.9244383934649422
18,0.9247787610619469
19,0.9251191286589516
19,0.9254594962559565
19,0.9257998638529612
19,0.9261402314499659
19,0.9264805990469708
19,0.9268209666439755
19,0.9271613342409802
19,0.927501701837985
19,0.9278420694349898
19,0.9281824370319945
19,0.9285228046289993
19,0.9288631722260041
19,0.9292035398230089
19,0.9295439074200136
19,0.9298842750170184
19,0.9302246426140232
19,0.9305650102110279
20,0.9309053778080327
20,0.9312457454050375
20,0.9315861130020422
20,0.9319264805990469
20,0.9322668481960518
20,0.9326072157930565
20,0.9329475833900612
20,0.9332879509870661
20,0.9336283185840708
20,0.9339686861810755
20,0.9343090537780804
20,0.9346494213750851
20,0.9349897889720898
20,0.9353301565690946
21,0.9356705241660994
21,0.9360108917631041
21,0.9363512593601089
21,0.9366916269571137
21,0.9370319945541185
21,0.9373723621511232
21,0.937712729748128
21,0.9380530973451328
21,0.9383934649421375
21,0.9387338325391422
21,0.9390742001361471
21,0.9394145677331518
22,0.9397549353301565
22,0.9400953029271614
22,0.9404356705241661
22,0.9407760381211708
22,0.9411164057181757
22,0.9414567733151804
22,0.9417971409121851
22,0.94213750850919
22,0.9424778761061947
22,0.9428182437031994
23,0.9431586113002042
23,0.943498978897209
23,0.9438393464942137
23,0.9441797140912185
23,0.9445200816882233
23,0.944860449285228
23,0.9452008168822328
23,0.9455411844792376
23,0.9458815520762424
23,0.9462219196732471
23,0.9465622872702518
24,0.9469026548672567
24,0.9472430224642614
24,0.9475833900612661
24,0.947923757658271
24,0.9482641252552757
24,0.9486044928522804
24,0.9489448604492853
24,0.94928522804629
24,0.9496255956432947
24,0.9499659632402995
24,0.9503063308373043
25,0.950646698434309
25,0.9509870660313138
25,0.9513274336283186
25,0.9516678012253234
25,0.9520081688223281
26,0.9523485364193329
26,0.9526889040163377
26,0.9530292716133424
26,0.9533696392103471
26,0.953710006807352
26,0.9540503744043567
27,0.9543907420013614
27,0.9547311095983663
27,0.955071477195371
27,0.9554118447923757
27,0.9557522123893806
28,0.9560925799863853
28,0.95643294758339
28,0.9567733151803949
28,0.9571136827773996
28,0.9574540503744043
28,0.9577944179714091
28,0.9581347855684139
28,0.9584751531654186
29,0.9588155207624234
29,0.9591558883594282
29,0.959496255956433
29,0.9598366235534377
30,0.9601769911504425
30,0.9605173587474473
30,0.960857726344452
30,0.9611980939414567
30,0.9615384615384616
31,0.9618788291354663
31,0.962219196732471
31,0.9625595643294759
31,0.9628999319264806
31,0.9632402995234853
31,0.9635806671204902
31,0.9639210347174949
31,0.9642614023144996
32,0.9646017699115044
32,0.9649421375085092
32,0.9652825051055139
32,0.9656228727025187
32,0.9659632402995235
33,0.9663036078965282
34,0.966643975493533
35,0.9669843430905378
35,0.9673247106875426
35,0.9676650782845473
35,0.9680054458815521
36,0.9683458134785569
36,0.9686861810755616
37,0.9690265486725663
37,0.9693669162695712
38,0.9697072838665759
38,0.9700476514635806
38,0.9703880190605855
38,0.9707283866575902
39,0.9710687542545949
39,0.9714091218515998
39,0.9717494894486045
39,0.9720898570456092
40,0.972430224642614
41,0.9727705922396188
41,0.9731109598366235
42,0.9734513274336283
42,0.9737916950306331
42,0.9741320626276379
43,0.9744724302246426
44,0.9748127978216474
44,0.9751531654186522
44,0.9754935330156569
45,0.9758339006126616
46,0.9761742682096665
47,0.9765146358066712
48,0.9768550034036759
48,0.9771953710006808
48,0.9775357385976855
49,0.9778761061946902
50,0.9782164737916951
50,0.9785568413886998
50,0.9788972089857045
51,0.9792375765827094
52,0.9795779441797141
53,0.9799183117767188
54,0.9802586793737236
54,0.9805990469707284
54,0.9809394145677331
55,0.9812797821647379
55,0.9816201497617427
55,0.9819605173587475
56,0.9823008849557522
57,0.982641252552757
59,0.9829816201497618
61,0.9833219877467665
62,0.9836623553437712
64,0.9840027229407761
68,0.9843430905377808
69,0.9846834581347855
69,0.9850238257317904
70,0.9853641933287951
72,0.9857045609257998
73,0.9860449285228047
81,0.9863852961198094
81,0.9867256637168141
83,0.9870660313138189
84,0.9874063989108237
85,0.9877467665078284
86,0.9880871341048332
87,0.988427501701838
91,0.9887678692988427
93,0.9891082368958475
96,0.9894486044928523
96,0.989788972089857
97,0.9901293396868618
98,0.9904697072838666
99,0.9908100748808714
100,0.9911504424778761
102,0.9914908100748808
102,0.9918311776718857
111,0.9921715452688904
113,0.9925119128658951
115,0.9928522804629
116,0.9931926480599047
116,0.9935330156569094
117,0.9938733832539143
119,0.994213750850919
121,0.9945541184479237
127,0.9948944860449285
135,0.9952348536419333
135,0.995575221238938
140,0.9959155888359428
151,0.9962559564329476
166,0.9965963240299524
174,0.9969366916269571
212,0.9972770592239619
233,0.9976174268209667
242,0.9979577944179714
249,0.9982981620149761
253,0.998638529611981
263,0.9989788972089857
319,0.9993192648059904
919,0.9996596324029953
1838,1.0
